Date,RITS_Business_Days,RITS_Payments_Num,SWIFT_Payments_Num,Austraclear_Payments_Num,Total_RTGS_Payments_Num,Intraday_Repos_Num,Intrabank_Payments_Num,Batch_Positions_Settled_Num,RITS_Value_$m,SWIFT_Value_$m,Austraclear_Value_$m,Total_RTGS_Value_$m,Intraday_Repos_Value_$m,Intrabank_Value_$m,Batch_Positions_Value_$m,FSS_Business_Days,FSS_Payments_Num,FSS_Value_$m
1998-07,23,750,11512,2109,14371,31,482,34,13573,70633,18026,102232,4045,3807,1838,,
1998-08,21,749,11695,2104,14547,32,479,31,13742,68226,17516,99485,5100,3598,1349,,
1998-09,22,735,12104,2269,15108,34,497,32,14123,71259,19315,104698,5176,4234,1678,,
1998-10,22,639,12067,2214,14920,33,479,30,13754,65405,18674,97833,5128,3544,1619,,
1998-11,21,561,11576,2133,14270,31,440,30,12960,61800,18316,93076,5068,3045,2011,,
1998-12,21,497,12428,2151,15076,29,442,31,12048,67282,18127,97457,4514,3226,2188,,
1999-01,19,542,12221,2122,14885,31,452,31,10764,66419,17566,94749,4502,3248,1745,,
1999-02,20,613,12508,2128,15248,32,454,31,12260,62603,17061,91923,4399,3265,1416,,
1999-03,23,640,12566,2225,15430,33,457,31,13060,63995,19006,96061,4790,3679,1848,,
1999-04,20,599,13132,2187,15917,30,461,31,11732,61733,17577,91043,4734,3362,1993,,
1999-05,21,749,13138,2239,16126,29,474,32,13660,65535,18311,97507,5184,3561,1745,,
1999-06,21,754,14020,2346,17120,34,516,33,15432,71556,22129,109117,5100,3920,2222,,
1999-07,22,629,13670,2265,16564,31,484,32,13012,65808,19168,97988,5331,3791,1989,,
1999-08,22,577,12966,2138,15681,29,432,32,12127,63851,18001,93979,5683,3068,1627,,
1999-09,22,628,13122,2225,15974,28,482,32,13786,66379,17590,97755,5528,3358,1963,,
1999-10,21,581,13185,2163,15930,28,470,32,14143,67188,17474,98805,4773,3587,2235,,
1999-11,22,539,12813,2163,15515,31,463,32,13532,71308,18239,103079,5023,3401,1627,,
1999-12,21,455,13333,2028,15816,26,439,32,10649,56484,16634,83766,4824,3327,2529,,
2000-01,19,492,12987,2205,15684,28,473,33,12332,61007,19536,92875,5089,3813,1955,,
2000-02,21,641,14538,2417,17597,30,504,33,15590,75042,22307,112939,5144,4249,1813,,
2000-03,23,574,14446,2306,17326,30,502,32,14257,81506,20360,116123,5036,4309,2191,,
2000-04,17,558,15313,2500,18371,30,546,32,14161,75016,22515,111692,4906,4489,2256,,
2000-05,23,512,13818,2158,16488,33,489,32,12229,72559,20353,105140,4543,3994,1891,,
2000-06,21,476,15482,2319,18278,39,514,31,13057,81103,22431,116591,5082,4318,2569,,
2000-07,21,471,14280,2187,16938,32,497,31,12488,70510,18849,101848,4626,4285,2324,,
2000-08,23,486,13912,2135,16534,36,472,30,13922,72173,18943,105037,4908,4034,1829,,
2000-09,21,476,14723,2260,17459,34,519,31,12959,75875,21015,109850,5111,4324,2064,,
2000-10,22,436,14488,2123,17047,36,477,30,14093,70471,19034,103598,5046,4386,2526,,
2000-11,22,489,14546,2162,17196,43,482,30,15703,70746,19126,105575,4999,3965,2781,,
2000-12,19,488,15871,2334,18692,46,560,31,16771,77441,22088,116300,5607,4907,2855,,
2001-01,21,472,14231,2189,16892,35,511,31,16163,71343,20472,107977,5215,4618,2608,,
2001-02,20,483,15357,2374,18214,44,528,31,16997,84454,23966,125417,5520,4812,2494,,
2001-03,22,505,16266,2388,19159,40,533,30,19171,91374,24060,134605,5098,5087,2145,,
2001-04,18,588,17467,2534,20588,43,568,31,21474,101749,26560,149783,6005,6023,3122,,
2001-05,23,519,14941,2255,17715,39,512,31,16989,83205,22522,122716,5128,4900,2390,,
2001-06,20,526,16322,2434,19282,42,564,30,19332,92427,24626,136385,5358,5767,2465,,
2001-07,22,483,15755,2271,18508,42,509,30,17745,78641,21856,118242,5376,4880,2533,,
2001-08,23,479,15223,2167,17869,40,474,30,16089,79755,20287,116130,5578,4301,2068,,
2001-09,20,514,16330,2507,19352,42,550,31,18724,89296,25674,133694,6447,6025,2294,,
2001-10,23,484,15428,2166,18078,38,467,30,15171,77534,21569,114274,6034,4567,2491,,
2001-11,22,531,15332,2239,18102,37,489,30,16630,75835,22020,114486,5246,5438,2090,,
2001-12,19,527,16804,2282,19612,35,515,31,15900,83873,23527,123300,5255,6031,2586,,
2002-01,21,434,15513,2025,17973,33,434,31,12546,78267,19481,110294,4714,4255,2451,,
2002-02,20,412,15949,2281,18642,35,468,31,10906,75851,23550,110307,5237,4479,2384,,
2002-03,20,138,16513,2707,19358,34,468,30,6349,89022,31121,126493,5704,5159,2787,,
2002-04,20,135,17156,2640,19930,36,467,31,5755,88183,31932,125870,5725,4944,3093,,
2002-05,23,130,16377,2485,18992,36,421,31,4973,80886,29970,115829,5014,4193,2354,,
2002-06,19,144,18723,2762,21629,50,463,31,6586,96199,34000,136785,5755,5118,2625,,
2002-07,23,138,18238,2572,20948,46,429,31,6002,96489,31177,133667,6056,4720,3025,,
2002-08,22,132,17064,2428,19624,42,425,31,5530,86870,28232,120632,5612,4798,2257,,
2002-09,21,133,16727,2563,19423,52,457,32,5555,88991,30411,124957,6293,5483,2069,,
2002-10,23,137,16342,2463,18942,57,443,31,6233,87706,29959,123898,6752,5709,3052,,
2002-11,21,137,16584,2533,19254,54,437,31,5683,88402,30022,124107,6456,4922,2471,,
2002-12,20,137,17515,2423,20074,51,428,33,5665,82863,26276,114803,6564,4918,3223,,
2003-01,21,130,16951,2322,19403,50,384,33,5582,79433,26774,111789,6424,4417,2668,,
2003-02,20,136,17564,2552,20252,46,463,32,5328,79805,28530,113663,6123,4671,2867,,
2003-03,21,152,18405,2561,21117,55,466,31,7741,94192,30461,132394,6696,5068,3167,,
2003-04,19,148,18868,2444,21460,50,450,32,6872,84436,28249,119557,6339,4758,3554,,
2003-05,22,140,17579,2397,20116,44,439,32,6297,85721,26176,118194,6358,4167,2919,,
2003-06,20,153,19622,2620,22395,49,470,32,7655,100625,31045,139325,6381,4837,3348,,
2003-07,23,153,19166,2451,21770,55,424,32,7212,86861,28809,122882,6825,4561,2958,,
2003-08,21,150,18715,2559,21424,48,434,31,7231,82286,28268,117785,6184,4164,2233,,
2003-09,22,153,18670,2614,21437,56,458,32,6216,85641,29417,121274,6414,4523,2379,,
2003-10,23,156,18179,2381,20715,59,405,32,6556,85303,27709,119568,6312,4222,3158,,
2003-11,20,158,18482,2555,21196,67,433,31,7297,91671,28557,127525,6571,3938,2810,,
2003-12,21,153,19747,2637,22538,69,434,32,6910,95874,31680,134463,6709,4570,3161,,
2004-01,20,157,18638,2462,21257,72,340,33,7295,88906,29548,125749,6721,3806,3049,,
2004-02,20,151,19754,2555,22460,76,361,33,6313,100104,30348,136765,6917,3407,2601,,
2004-03,23,154,20610,2526,23290,74,364,32,7251,107151,30940,145341,7563,3577,3427,,
2004-04,20,151,20705,2594,23449,65,343,32,6957,96157,32144,135258,7249,3624,3752,,
2004-05,21,158,19589,2574,22320,72,354,33,7628,98855,30972,137454,7036,3432,2877,,
2004-06,21,156,21825,2618,24598,73,384,33,7320,106904,35075,149298,7316,3850,3125,,
2004-07,22,150,20055,2352,22557,67,326,33,6819,99951,31049,137820,7468,2965,3720,,
2004-08,22,145,18704,2394,21243,60,323,33,6263,93780,30404,130447,7324,2972,2609,,
2004-09,22,159,19855,2592,22605,67,361,33,7185,103026,33048,143259,7606,3782,2803,,
2004-10,21,155,19979,2478,22612,69,340,33,6929,97022,31399,135350,7696,3264,3456,,
2004-11,22,166,19426,2464,22056,67,339,33,7248,92592,30684,130525,7614,3409,3153,,
2004-12,21,166,22147,2420,24732,78,366,33,7700,94547,30216,132463,8327,3453,3457,,
2005-01,19,157,20157,2427,22741,64,360,33,7167,87352,30514,125033,7556,3621,3109,,
2005-02,20,168,20104,2626,22898,71,381,33,7805,92608,34736,135149,7900,3830,2913,,
2005-03,21,164,21830,2666,24661,73,384,33,7639,101701,35984,145323,8467,3751,3672,,
2005-04,20,167,21300,2481,23947,74,365,33,8310,94058,35130,137498,8118,3798,3781,,
2005-05,22,169,19679,2477,22325,67,365,33,7404,83579,32542,123525,7372,3350,3280,,
2005-06,21,174,21818,2644,24636,60,381,33,9428,99419,36152,145000,7592,3721,3514,,
2005-07,21,176,21282,2518,23977,55,376,33,8452,91446,32803,132701,7174,3789,3893,,
2005-08,23,160,19707,2416,22284,50,360,33,6951,81071,31163,119185,6466,3480,2938,,
2005-09,22,164,20914,2596,23674,53,396,33,7715,90944,34216,132875,6891,4170,3032,,
2005-10,21,173,20878,2487,23537,58,355,33,8889,88541,32672,130102,7308,3419,3860,,
2005-11,22,177,20361,2492,23029,63,349,33,8452,90192,32162,130806,7238,3162,3567,,
2005-12,20,175,23608,2512,26295,57,381,34,9901,97399,31907,139207,7447,3589,3792,,
2006-01,20,169,20793,2395,23357,54,360,34,8381,91016,31541,130938,7590,3435,3366,,
2006-02,20,168,21781,2546,24495,59,374,34,8899,96012,35358,140269,7982,3615,3380,,
2006-03,23,168,22959,2536,25664,66,373,33,8650,105592,35146,149389,8448,3423,3842,,
2006-04,17,179,24915,2779,27873,66,386,34,10102,116146,39994,166242,8698,3561,4704,,
2006-05,23,174,21878,2577,24628,65,353,34,9454,105096,38015,152565,8462,3389,3916,,
2006-06,21,184,23879,2640,26703,73,397,34,11934,114181,38314,164429,8963,4176,3857,,
2006-07,21,170,22492,2429,25091,67,361,34,10635,103078,35625,149338,9042,3800,4382,,
2006-08,23,171,21634,2420,24225,56,331,34,9295,97142,35753,142190,7974,3185,3346,,
2006-09,21,181,23015,2643,25839,62,346,34,11121,113025,38374,162520,9052,3060,3632,,
2006-10,22,176,22172,2409,24758,55,295,34,10979,97828,35800,144607,8283,2712,4436,,
2006-11,22,180,22472,2637,25289,66,315,34,10916,98564,38835,148314,9171,2885,4303,,
2006-12,19,183,25467,2689,28339,84,347,34,11823,115813,38123,165759,10442,2999,4515,,
2007-01,21,179,22678,2418,25275,71,311,34,11182,111233,36443,158858,10219,2724,3945,,
2007-02,20,186,23592,2705,26483,81,331,34,11173,106535,40750,158457,10721,2990,4112,,
2007-03,22,192,25447,2722,28362,82,331,34,11824,122325,41949,176098,11335,2747,4523,,
2007-04,18,194,26943,2838,29975,81,325,34,14388,139361,46969,200718,11989,3126,5491,,
2007-05,23,182,23864,2572,26617,74,276,34,11844,113562,39854,165259,11439,2501,4213,,
2007-06,20,201,27688,2885,30774,89,339,34,13049,131699,44757,189506,12576,3559,4557,,
2007-07,22,195,25769,2576,28540,87,289,34,14756,113980,42323,171059,13329,2949,5761,,
2007-08,23,185,26307,2679,29172,75,302,35,13179,130836,47911,191926,12205,3405,4156,,
2007-09,20,177,25657,2759,28592,69,347,34,12831,131535,47111,191478,12472,4644,4506,,
2007-10,23,176,25709,2456,28341,79,311,34,12784,122300,39220,174304,12485,3958,4899,,
2007-11,22,179,27398,2589,30165,77,334,34,12157,126608,45048,183813,12626,4986,4253,,
2007-12,19,180,29087,2737,32003,66,374,34,14583,143957,43395,201935,12003,5948,4868,,
2008-01,21,177,27048,2434,29659,68,329,34,12175,136223,39765,188162,12846,4250,4389,,
2008-02,21,175,27270,2605,30050,69,347,34,11211,124073,43853,179137,13457,5143,4358,,
2008-03,19,185,30743,2857,33785,74,384,34,12783,157250,48772,218805,14080,5969,5133,,
2008-04,21,179,28716,2560,31455,68,338,34,11148,130022,43474,184644,12686,5837,5176,,
2008-05,22,179,26801,2602,29582,70,336,34,9941,121394,40815,172150,12997,5107,4669,,
2008-06,20,192,30050,2721,32962,75,318,34,12621,140144,43799,196564,13656,4783,4451,,
2008-07,23,179,28132,2438,30749,66,263,34,11028,115027,40024,166079,12416,4000,5128,,
2008-08,21,174,29149,2604,31928,63,292,34,10472,126894,42239,179605,12351,4375,4221,,
2008-09,22,178,29680,2696,32554,73,318,34,12295,130430,46519,189244,14062,4529,4980,,
2008-10,23,180,32574,2734,35488,59,316,34,14938,129477,50917,195332,11952,5172,5157,,
2008-11,20,175,28739,2681,31595,62,320,34,16772,120112,44044,180928,13174,4918,4757,,
2008-12,21,189,29484,2592,32265,62,320,34,20768,124594,45479,190840,14508,4972,5328,,
2009-01,20,181,26717,2366,29264,59,300,34,18486,118066,39871,176423,13847,4485,4199,,
2009-02,20,175,28885,2479,31539,62,311,34,14690,121196,39603,175488,13596,4669,4187,,
2009-03,22,177,28831,2522,31530,55,298,35,16119,123311,40677,180107,13839,4861,4757,,
2009-04,20,178,29180,2484,31842,56,291,35,13088,115921,36844,165853,14461,4703,5046,,
2009-05,21,180,27070,2505,29755,57,283,35,12581,105142,37551,155275,14852,4122,4614,,
2009-06,21,183,29700,2730,32613,65,308,34,12266,112577,45887,170730,15650,4983,5328,,
2009-07,23,173,27969,2385,30527,53,252,34,12330,105746,39353,157429,15370,3498,5163,,
2009-08,21,175,27103,2453,29731,50,262,34,12344,103148,37469,152960,14750,3187,4555,,
2009-09,22,177,27381,2588,30145,60,289,34,12774,106807,43424,163005,16017,3684,4221,,
2009-10,22,178,27357,2544,30079,66,265,34,12587,107999,40556,161142,16646,4050,5086,,
2009-11,21,185,27447,2601,30232,72,272,34,13995,104511,40670,159176,15899,4274,4728,,
2009-12,21,178,30760,2595,33532,70,283,34,13490,107946,42298,163733,15478,4226,4141,,
2010-01,19,161,28751,2543,31455,60,275,34,11204,100608,41507,153318,14908,3824,4161,,
2010-02,20,168,29911,2810,32890,57,293,34,11496,102735,43197,157428,14963,4157,3952,,
2010-03,23,180,29947,2716,32844,65,300,34,13302,110082,45594,168978,15766,5014,5017,,
2010-04,19,177,31764,2871,34812,64,310,34,12283,110571,44883,167737,16456,4494,5217,,
2010-05,21,177,30867,2919,33963,64,330,34,13496,113081,45271,171847,15231,4358,4330,,
2010-06,21,176,32266,2859,35302,63,333,34,13555,120038,48058,181650,15152,4190,4011,,
2010-07,22,167,30469,2661,33297,68,308,34,11948,110630,42313,164890,15257,3843,4727,,
2010-08,22,173,28671,2699,31543,58,296,34,13575,112309,41591,167474,14830,4163,4247,,
2010-09,22,175,29195,2825,32195,63,288,34,12162,120184,45188,177534,14392,4466,4329,,
2010-10,21,173,29734,2684,32590,61,282,34,12081,117302,38765,168148,14555,3769,5261,,
2010-11,22,176,29430,2737,32343,62,269,34,11602,109350,42159,163112,14157,3828,5005,,
2010-12,21,179,32496,2697,35372,66,281,34,13909,117973,43755,175637,15145,3933,5111,,
2011-01,19,173,33352,2606,36131,66,251,34,14207,113334,40539,168080,15074,3608,4128,,
2011-02,20,171,30932,2832,33935,60,282,34,11768,110642,44635,167046,13898,4836,3862,,
2011-03,23,170,31610,2764,34545,67,289,34,11438,119904,47541,178883,14777,5090,4796,,
2011-04,18,177,34108,2946,37232,69,324,34,13676,122951,48922,185549,16250,6064,6684,,
2011-05,22,170,30690,2772,33631,67,318,34,11202,103370,45510,160082,15027,7021,4485,,
2011-06,21,175,33424,2975,36574,71,335,34,11913,112594,53200,177706,14222,6269,4317,,
2011-07,21,173,32097,2774,35044,61,307,34,11717,105395,47082,164194,14348,4854,5392,,
2011-08,23,176,32448,2863,35487,59,302,33,10884,107622,46082,164588,13639,4385,4616,,
2011-09,22,179,32995,2829,36003,60,309,33,11652,111464,45324,168440,13970,4677,4457,,
2011-10,21,181,32326,2725,35232,61,301,33,14714,112285,46458,173458,15395,4825,5487,,
2011-11,22,174,32259,2841,35274,63,304,33,11469,105591,47661,164720,14416,4915,4629,,
2011-12,20,182,35956,2824,38961,71,296,33,16138,118959,46589,181686,15768,4879,5298,,
2012-01,20,170,31194,2549,33913,63,272,33,10697,100196,37956,148849,14912,4715,4823,,
2012-02,21,178,33520,2917,36615,71,277,32,11312,94072,44402,149786,14215,4420,4324,,
2012-03,22,178,33814,2941,36934,83,284,31,11572,102263,44039,157874,13851,4355,4513,,
2012-04,18,174,37083,2986,40242,66,306,31,10923,110454,46239,167616,14475,4780,5225,,
2012-05,23,186,33989,2767,36941,80,284,32,10850,97447,44397,152693,14332,4660,4359,,
2012-06,20,223,36956,2911,40090,94,289,32,13445,107357,47429,168232,14223,5128,4792,,
2012-07,22,212,34399,2614,37224,84,255,32,11659,95222,41005,147886,14799,3939,4905,,
2012-08,23,215,32922,2595,35732,70,261,33,10943,91343,37943,140229,14086,3757,4112,,
2012-09,20,218,34588,2801,37607,67,265,33,12217,101439,44397,158053,15080,3782,4135,,
2012-10,23,217,33839,2603,36658,70,241,32,14941,94109,42194,151243,16254,4000,5031,,
2012-11,22,223,33350,2643,36216,77,265,32,14161,91050,45034,150244,15594,4023,4159,,
2012-12,19,220,37334,2736,40289,71,267,32,15120,103004,44937,163061,16094,4185,4726,,
2013-01,21,217,33997,2511,36725,67,248,32,13392,90841,40691,144924,15534,3957,4326,,
2013-02,20,218,36274,2723,39215,70,268,32,12920,91536,42591,147047,16020,4668,4174,,
2013-03,20,224,37473,2896,40592,63,263,32,14530,101747,47278,163555,15184,5406,5216,,
2013-04,20,209,38405,2762,41377,55,254,32,12825,96584,39801,149210,13464,4952,5602,,
2013-05,23,219,37386,2925,40530,70,268,32,13412,98204,49333,160949,13634,5381,4400,,
2013-06,19,231,41030,3226,44487,78,289,32,14844,111439,54642,180926,14469,5022,4695,,
2013-07,23,217,37327,2754,40298,71,246,32,13403,95023,46920,155346,14225,4467,4969,,
2013-08,22,217,36382,2804,39403,68,254,32,12988,99062,46988,159038,14211,4784,4613,,
2013-09,21,214,36353,2780,39347,78,257,32,12413,98148,44891,155453,14681,4551,4696,,
2013-10,23,216,36371,2780,39366,75,244,32,12308,93642,45051,151001,14392,4777,5140,,
2013-11,21,211,37719,3019,40948,67,256,47,12042,96430,46477,154949,8561,4933,5184,,
2013-12,20,224,42159,2863,45247,71,252,96,14524,108846,44768,168137,4452,4602,9345,,
2014-01,21,218,38019,2729,40966,67,227,96,12947,100585,42324,155856,4571,3828,7239,,
2014-02,20,214,38232,2902,41348,57,248,96,11397,97298,45615,154310,4467,4159,7910,,
2014-03,21,220,39206,2910,42336,71,251,96,13369,103778,47687,164835,4911,5868,8159,,
2014-04,19,218,41365,2999,44582,63,247,96,13737,104658,45138,163533,4413,4340,8674,,
2014-05,22,216,36922,2819,39957,59,231,96,13139,96528,44531,154198,3921,3159,7558,,
2014-06,20,221,40214,2923,43358,73,241,96,14149,113791,50064,178003,4460,3683,8610,,
2014-07,23,215,37896,2762,40873,56,215,96,14549,104412,45896,164856,4800,5493,8813,,
2014-08,21,208,37013,2911,40131,55,220,96,11831,99668,41799,153299,4450,3708,7916,,
2014-09,22,208,39053,3004,42266,53,224,103,12527,105088,49745,167359,4202,3953,8048,,
2014-10,23,213,38061,2832,41106,51,228,111,12763,105727,45756,164245,4261,4938,8747,,
2014-11,20,211,38770,3029,42010,51,246,124,13001,99964,45168,158133,4487,4523,9105,,
2014-12,21,220,43355,2924,46498,54,227,153,13761,108904,44829,167494,4882,3591,10193,,
2015-01,20,211,39646,2945,42802,61,228,145,13501,104755,45737,163993,4287,4207,7983,,
2015-02,20,210,40370,3146,43726,54,250,168,11888,100375,49430,161693,4306,5389,7918,,
2015-03,22,214,41665,3093,44972,58,230,206,13543,112689,50779,177011,4421,4432,9174,,
2015-04,20,208,42807,3233,46249,52,245,249,13449,109840,52165,175454,4538,5266,9438,,
2015-05,21,217,39045,3240,42502,62,240,280,13938,95626,51327,160892,4722,4257,9349,,
2015-06,21,215,43039,3055,46309,60,218,318,13761,96847,48031,158639,4343,3129,8767,,
2015-07,23,203,41696,2879,44777,64,219,327,13005,99039,45896,157941,4259,4141,8685,,
2015-08,21,197,39331,3048,42576,50,240,361,11823,98459,50904,161185,4262,5440,8978,,
2015-09,22,201,39839,2831,42871,42,232,404,11969,101603,47946,161517,4271,5802,8880,,
2015-10,22,207,39112,2856,42174,49,218,404,13155,97018,45520,155694,4518,4761,9056,,
2015-11,21,213,39401,3112,42726,47,238,467,13648,100611,49486,163745,4096,5239,9344,,
2015-12,21,223,43851,2827,46902,50,229,544,13526,106243,47075,166844,4491,6465,10126,,
2016-01,19,221,41723,2875,44819,52,219,518,13357,101447,46732,161535,4789,5947,8814,,
2016-02,21,222,40031,2916,43170,40,237,487,12260,91595,45827,149682,4113,8977,9665,,
2016-03,21,233,43357,3068,46658,46,239,562,13965,105831,51538,171334,4135,6994,9530,,
2016-04,20,214,42348,3054,45616,47,251,640,12023,100170,50354,162546,4441,8375,9904,,
2016-05,22,217,40607,2986,43811,36,238,672,12794,100537,47483,160814,4158,9503,9455,,
2016-06,21,229,43080,2931,46241,38,235,763,13781,105503,48604,167888,4169,9448,10081,,
2016-07,21,229,41808,2840,44877,40,240,709,14191,99427,46991,160609,4363,8664,10921,,
2016-08,23,226,39250,2743,42219,34,214,719,14324,99245,45166,158734,3882,8417,10102,,
2016-09,22,221,39969,2892,43082,42,230,794,12948,102147,52156,167250,4032,8848,9560,,
2016-10,21,222,40276,2991,43489,53,233,791,14218,102594,50171,166983,4325,6370,10280,,
2016-11,22,229,41504,3095,44828,43,221,820,13967,106923,51827,172717,4033,5377,10061,,
2016-12,20,223,46684,2961,49868,47,209,952,13815,112133,54934,180882,4554,4608,11548,,
2017-01,20,229,41066,2988,44283,46,208,835,13372,100939,54215,168527,4411,4670,9775,,
2017-02,20,229,42239,3177,45645,34,241,885,13829,100812,53419,168061,3469,5796,10191,,
2017-03,23,232,42506,3103,45841,40,214,920,15951,109768,60292,186011,3694,3567,9969,,
2017-04,17,227,47391,3490,51108,39,246,1091,13796,118497,52077,184371,3822,3221,11312,,
2017-05,23,222,41276,3029,44527,37,213,1046,15018,99497,46487,161002,3907,4586,10506,,
2017-06,21,227,46402,3179,49807,39,221,1222,13384,111340,48411,173135,4199,4316,11347,,
2017-07,21,224,42611,3397,46233,43,219,1159,13347,113549,54640,181536,4686,4269,12189,,
2017-08,23,221,39564,3025,42811,37,197,1474,14013,98006,48453,160472,3978,3533,12317,,
2017-09,21,234,40772,3430,44435,38,226,1872,12883,104831,54933,172647,4141,4956,11076,,
2017-10,22,228,40781,3178,44186,42,212,1941,14281,98672,50523,163476,4403,4638,11339,,
2017-11,22,232,41659,3286,45177,35,213,2185,14738,99699,57284,171721,4320,3888,11581,,
2017-12,19,235,46856,3462,50553,31,223,2696,18008,114167,56384,188560,3488,4639,13346,,
2018-01,21,229,41802,3360,45391,31,223,2366,14422,107184,52862,174468,3835,4996,11254,,
2018-02,20,237,44239,3601,48076,37,242,2420,17216,107321,58924,183461,3703,6389,12268,16,24247,14
2018-03,21,232,44992,3539,48764,36,222,2941,16602,118132,62677,197411,3650,5117,12301,31,54756,33
2018-04,19,228,46450,3736,50414,36,243,3379,14135,115770,54177,184082,3043,4716,12983,30,71673,51
2018-05,23,225,41478,3468,45172,37,223,3686,13356,100113,52082,165551,3100,4244,12449,31,93272,71
2018-06,20,239,46269,3438,49947,38,227,4455,14885,122658,52404,189947,4195,3899,13642,30,103647,78
2018-07,22,228,44375,3405,48008,38,222,4425,15080,107715,54963,177759,3203,5435,14005,31,121142,82
2018-08,23,219,41847,3382,45448,36,212,4552,13483,102071,50200,165754,3009,4078,12694,31,174633,169
2018-09,20,229,43812,3705,47746,42,235,4857,15371,122169,60961,198502,4409,4804,13506,30,210334,206
2018-10,23,221,42917,3457,46595,40,224,5506,13662,108193,57058,178913,3477,5531,13218,31,252164,242
2018-11,22,226,41822,3545,45593,35,223,5980,13621,111973,59584,185178,3438,4462,13447,30,280569,262
2018-12,19,232,48328,3456,52016,43,243,7232,15251,131317,57753,204322,4639,7225,16245,31,278043,259
2019-01,21,223,44582,3453,48257,35,234,5511,12809,116859,60547,190215,3817,6106,13007,31,301486,258
2019-02,20,225,45952,3555,49732,35,243,5319,13633,109540,63245,186418,3827,5646,13880,28,356924,310
2019-03,21,225,47277,3631,51134,35,238,5666,13891,124886,69578,208355,4186,6979,14727,31,361576,310
2019-04,19,229,49735,3728,53691,38,257,6512,13864,119422,68784,202071,3732,7270,15309,30,379084,324
2019-05,23,213,44443,3451,48107,33,233,6487,12409,114596,68418,195423,3286,7858,13849,31,425273,378
2019-06,19,238,48823,3724,52785,37,267,7431,16121,143741,72860,232722,5060,9348,15979,30,425306,400
2019-07,23,222,46987,3567,50776,38,237,6630,17777,128699,69556,216032,4239,7824,15403,31,507758,439
2019-08,22,226,45000,3616,48841,40,247,7264,15551,124782,66716,207050,4879,6941,14645,31,577000,505
2019-09,21,225,45710,3745,49680,53,258,7417,15004,136004,74242,225250,5708,9634,15170,30,679345,701
2019-10,23,225,44440,3739,48404,55,250,7534,16648,132336,71609,220593,5697,9102,15124,31,754662,770
2019-11,21,229,45903,3964,50097,50,276,8279,15094,123818,72367,211279,5679,8732,15302,30,821726,805
2019-12,20,241,49684,3675,53600,52,266,9629,18095,135491,69604,223189,5891,9084,17308,31,854779,834
2020-01,21,225,45228,3769,49223,57,245,7765,14357,128934,68186,211477,5651,7604,14140,31,843742,752
2020-02,20,235,47612,4161,52009,50,269,7304,16617,130552,81542,228711,6058,7467,15411,29,950159,901
2020-03,22,215,50939,4823,55977,58,281,7530,16287,158300,104009,278596,7006,9844,17587,31,953004,1004
2020-04,20,178,42320,4365,46863,47,285,8881,12884,146082,79923,238889,4517,12719,15650,30,944458,997
2020-05,21,170,37670,4157,41998,40,256,8256,8270,119807,75256,203333,4133,7357,13996,31,993348,1007
2020-06,21,179,41852,4386,46417,40,242,9418,9554,130918,83532,224004,4066,6748,15965,30,1097871,1212
2020-07,23,169,39497,3901,43567,36,209,8234,6205,117701,71101,195006,3654,5188,15176,31,1214520,1339
2020-08,21,164,38603,4073,42840,35,227,9176,6147,112059,72611,190817,3663,5561,14834,31,1216552,1179
2020-09,22,163,39069,4030,43261,40,229,9846,5471,121583,79281,206335,3668,6976,15581,30,1303501,1290
2020-10,22,169,38781,3823,42772,34,231,10163,7681,103676,74032,185389,3319,8806,15849,31,1332110,1310
2020-11,21,167,40007,4066,44240,32,232,10387,6170,116352,82674,205196,3480,8437,17767,30,1447502,1439
2020-12,21,165,45360,3550,49075,31,254,12531,6571,134146,62578,203296,2883,6765,16819,31,1500927,1553
2021-01,19,160,41970,3460,45590,36,274,10865,5870,129802,61155,196827,3021,7242,15954,31,1385236,1310
2021-02,20,162,42252,3873,46287,31,302,10671,4844,115859,63660,184362,3085,7708,16131,28,1578159,1613
2021-03,23,159,43949,3767,47875,32,288,11779,5433,123951,60701,190085,3651,7187,18477,31,1627453,1704
2021-04,20,152,44957,3454,48563,26,287,12892,4229,113732,49503,167465,2867,6729,18063,30,1655130,1693
2021-05,21,153,41616,3647,45417,23,301,12571,4814,106531,51074,162419,2106,6439,18474,31,1718225,1836
2021-06,21,158,45024,3568,48750,31,295,14046,4120,122110,52435,178665,1843,5944,20531,30,1768204,2143
2021-07,22,148,43819,3354,47322,29,301,13388,4084,123515,44608,172207,1736,5388,19515,31,1802007,2036
2021-08,22,146,40336,3265,43747,28,280,13197,3794,115805,40618,160218,1378,3941,18972,31,1981267,2236
2021-09,22,148,40082,3318,43549,26,354,12951,4237,117690,44566,166493,1720,6262,20215,30,2105661,2426
2021-10,21,149,40161,3641,43951,33,413,12981,4027,126487,50379,180893,1782,8693,19369,31,2065561,2393
2021-11,22,154,40853,3603,44611,35,432,13736,4573,124851,50823,180247,2090,8115,20239,30,2103056,2451
2021-12,21,154,46785,3486,50425,38,425,15527,4961,132727,55381,193069,2626,7653,23718,31,2052409,2386
2022-01,19,144,42954,3591,46689,37,417,13241,4974,132495,60223,197692,2040,8662,19527,31,1863870,1969
2022-02,20,147,42528,3860,46535,31,516,11939,4636,145972,76879,227487,2041,9514,21680,28,2097918,2337
2022-03,23,151,43184,3937,47272,38,481,12534,5648,150928,66503,223079,2021,7872,21553,31,2210866,2494
2022-04,18,160,47443,4252,51855,44,486,14503,5813,149281,63636,218730,1829,8227,23705,30,2117370,2251
2022-05,22,155,42507,4220,46881,39,505,13148,5006,129374,65941,200321,2043,9098,20912,31,2183761,2510
2022-06,21,171,46069,4301,50541,49,478,14690,7268,140703,71923,219895,2656,8804,22716,30,2266401,2913
2022-07,21,154,45039,4034,49227,48,421,12635,5579,134627,66265,206471,2016,8018,22170,31,2281727,2693
2022-08,23,148,42559,4228,46935,41,441,12213,4999,122612,63158,190770,1933,7417,20939,31,2335530,2765
2022-09,21,158,46412,4243,50813,68,412,12817,8065,139966,61818,209849,2756,6495,21883,30,2381897,2775
2022-10,21,156,46174,4185,50516,64,425,12533,9366,135089,62079,206534,2761,7825,21336,31,2383630,2765
2022-11,22,149,44674,4502,49326,46,470,12667,6452,132299,68694,207446,2013,8571,21778,30,2528729,3131
2022-12,20,154,50988,4282,55424,49,391,14188,6573,141467,65447,213487,2441,6903,24384,31,2482857,3019
2023-01,20,151,45428,3877,49456,57,405,11204,6122,128593,58434,193148,2375,7039,19857,31,2307080,2616
2023-02,20,150,47468,4296,51914,47,444,10793,6456,137365,63041,206861,2026,8216,20809,28,2538852,3045
2023-03,23,152,48979,4280,53411,43,449,12201,8387,140890,67815,217092,2476,8072,21625,31,2653254,3260
2023-04,17,160,53751,4515,58426,42,492,14139,8049,141794,70857,220700,3188,11542,24217,30,2555361,2973
2023-05,23,158,46996,4333,51487,51,471,12771,8991,127173,64657,200821,3620,8179,22952,31,2679295,3280
2023-06,21,165,51473,4416,56054,50,511,15144,7774,150950,73133,231856,3642,10804,24194,30,2745091,3568
2023-07,21,163,49488,4001,53653,50,498,13050,7410,135482,64085,206976,3822,9368,22886,31,2764879,3314
2023-08,23,162,48309,4071,52542,55,443,12708,6729,127510,63790,198029,3770,8367,21753,31,2883370,3487
2023-09,21,161,49741,4193,54095,61,409,12952,7343,142828,68620,218792,3956,7822,22704,30,2883941,3485
2023-10,22,155,49256,4263,53674,49,437,12434,6082,134211,70624,210916,3205,8701,21845,31,2902465,3551
2023-11,22,159,47975,4647,52781,63,444,13095,6076,140817,70928,217821,3646,8343,22833,30,3021234,3788
2023-12,19,155,54996,4390,59542,51,431,15677,5681,156184,64326,226191,3029,8046,26866,31,2908387,3697
2024-01,21,147,49714,4117,53977,50,412,11339,4657,155929,61549,222136,2566,9861,20589,31,2809627,3291
2024-02,21,152,50222,4514,54887,51,511,10581,4845,145148,70167,220160,2840,11285,22066,29,3087306,3870
2024-03,20,160,53657,4575,58393,56,536,12487,6244,160464,78811,245519,3218,13528,23747,31,3082496,3845
2024-04,20,158,59976,4545,64679,53,563,13590,5866,158129,78501,242496,3642,15091,24234,30,3130063,3944
2024-05,23,157,48495,4428,53080,51,557,12978,7075,139109,76659,222843,3394,13939,23081,31,3262686,4200
2024-06,19,170,52981,4700,57851,63,609,15016,8576,168875,90821,268272,3631,14886,25380,30,3224215,4429
2024-07,23,166,51690,4276,56132,58,453,12780,9433,160509,85515,255457,3552,10171,24175,31,3310732,4470
2024-08,22,160,49980,4657,54796,51,518,13041,9008,151401,89625,250034,3420,11117,24168,31,3393998,4378
2024-09,21,167,49978,4820,54964,49,605,13129,8449,166302,91621,266372,3764,13370,23838,30,3386538,4409
2024-10,23,161,48054,4282,52497,46,491,12713,8136,146707,80673,235516,3328,11671,23634,31,3513387,4584
2024-11,21,158,49418,4983,54558,43,549,13999,8053,150836,90741,249631,2825,13484,25048,30,3634577,4786
2024-12,20,161,56155,4668,60983,49,484,15484,9633,171661,88577,269871,2978,10873,28000,31,3552726,4898
2025-01,21,155,48274,4375,52803,62,434,12025,8335,155904,76737,240976,2967,9401,21928,31,3400809,4358
2025-02,20,157,49414,5062,54633,53,525,11324,8067,150400,98241,256708,2868,12044,24029,28,3631343,4792
2025-03,21,160,50880,4970,56010,57,544,12829,7468,164556,92455,264479,3600,12474,24795,31,3636838,4802
2025-04,19,160,55670,5458,61288,58,610,14749,7418,173275,108213,288905,3849,17855,27432,30,3690763,4897
2025-05,22,161,46924,5244,52329,56,644,13672,7344,142090,95285,244720,3959,15822,25065,31,3778231,5025
2025-06,20,165,51480,5208,56852,50,570,15781,7620,156554,98920,263094,4097,14356,26496,30,3788779,5544
2025-07,23,159,48657,4855,53671,39,495,13496,8148,154517,104198,266863,3736,13685,24902,31,3895065,5539
2025-08,21,157,47874,5180,53211,32,496,14152,7799,152059,103118,262976,3868,12176,25777,31,3838440,5297
2025-09,22,157,47613,5047,52817,29,486,13914,7323,159665,100100,267088,3943,13430,25492,30,3924569,5645
2025-10,23,152,47238,4909,52299,24,451,14587,7039,156557,104345,267941,,14457,25646,31,4043452,5960
2025-11,20,158,48401,5536,54094,20,542,15202,7798,163790,109018,280605,,16927,27449,30,4066409,5853
2025-12,21,157,52865,4967,57989,17,475,16927,7296,184847,101873,294017,,13681,30608,31,4037870,6138
